whichPerspective,origin,n
TranscriptomePerspective,SF2777,8386
TranscriptomePerspective,SF2979,7243
TranscriptomePerspective,SF11344,5791
TranscriptomePerspective,GSE117988_MCC_EarlyD27,5156
MorphologyPerspective,P06269_19488_mp,5116
MorphologyPerspective,P06269_19489_mp,5116
TranscriptomePerspective,GSE118056_MCC_Tumor,4972
TranscriptomePerspective,SF7388,4800
TranscriptomePerspective,SNU-668_0,4558
TranscriptomePerspective,SF11488,4463
TranscriptomePerspective,SF4449,4345
TranscriptomePerspective,SF12460,4265
TranscriptomePerspective,GSE143423_lbm3,4237
TranscriptomePerspective,SF11082,4141
TranscriptomePerspective,SF9798,4067
TranscriptomePerspective,NUGC-4,3726
TranscriptomePerspective,SF4324,3695
TranscriptomePerspective,SNU-601,3575
TranscriptomePerspective,GSE143423_lbm1,3559
TranscriptomePerspective,SF9962,3484
TranscriptomePerspective,SF9494,3468
TranscriptomePerspective,SF9358,3154
TranscriptomePerspective,NCI-N87_3,2919
MorphologyPerspective,P06269_19491_mr,2869
TranscriptomePerspective,SF1343,2747
TranscriptomePerspective,MKN-45,2668
TranscriptomePerspective,SF2628,2545
TranscriptomePerspective,GSE143423_tnbc6k,2352
TranscriptomePerspective,KATOIII,2244
MorphologyPerspective,P06270_19493_mp,2149
MorphologyPerspective,P06269_19490_nt,2075
TranscriptomePerspective,GSE117988_MCC_Pre,2029
TranscriptomePerspective,SNU-16_3,1857
TranscriptomePerspective,HGC-27,1773
TranscriptomePerspective,NCIH2110,1553
TranscriptomePerspective,GSE148673_TNBC5,1486
MorphologyPerspective,P06270_19495_mp,1347
TranscriptomePerspective,GSE148673_TNBC4,1252
MorphologyPerspective,P06270_19494_mp,1196
TranscriptomePerspective,SF10441,1113
TranscriptomePerspective,GSE148673_DCIS1,1105
TranscriptomePerspective,GSE143423_tnbc1,1103
GenomePerspective,NCI-N87,969
GenomePerspective,SNU-601,966
GenomePerspective,SNU-668,944
TranscriptomePerspective,GSE143423_lbm2,858
GenomePerspective,23,825
TranscriptomePerspective,SNU-638,817
TranscriptomePerspective,GSE148673_TNBC1,801
TranscriptomePerspective,SF4209,791
TranscriptomePerspective,HOS,788
GenomePerspective,MKN-45,778
GenomePerspective,HGC-27,769
TranscriptomePerspective,SCC25,763
GenomePerspective,NUGC-4,750
GenomePerspective,SNU-638,705
GenomePerspective,KATOIII,638
TranscriptomePerspective,SF1199,637
GenomePerspective,SNU-16_7,623
TranscriptomePerspective,GSE148673_TNBC2,623
TranscriptomePerspective,NCIH460,613
TranscriptomePerspective,SF4849,611
TranscriptomePerspective,SF10099,573
TranscriptomePerspective,SF6118,571
TranscriptomePerspective,IGR1,541
TranscriptomePerspective,C32,494
TranscriptomePerspective,TE6,492
TranscriptomePerspective,SF3996,467
TranscriptomePerspective,42MGBA,460
TranscriptomePerspective,COLO680N,458
TranscriptomePerspective,SCC9,452
TranscriptomePerspective,A375,446
TranscriptomePerspective,PANC0203,439
TranscriptomePerspective,NCIH2452,438
TranscriptomePerspective,NCIH1299,432
TranscriptomePerspective,VMCUB1,402
TranscriptomePerspective,HT1080,388
TranscriptomePerspective,8305C,384
TranscriptomePerspective,NCIH1944,384
GenomePerspective,SNU-16_A0,363
TranscriptomePerspective,NCIH1048,347
TranscriptomePerspective,CL34,343
GenomePerspective,SNU-16_A1D8,340
TranscriptomePerspective,NCIH2228,334
TranscriptomePerspective,LS180,331
TranscriptomePerspective,SF2501,327
TranscriptomePerspective,BFTC909,325
TranscriptomePerspective,NCIH358,309
TranscriptomePerspective,SKMEL30,309
TranscriptomePerspective,EFM192A,305
TranscriptomePerspective,IGR37,296
TranscriptomePerspective,TOV21G,296
TranscriptomePerspective,ABC1,293
TranscriptomePerspective,KYSE520,289
TranscriptomePerspective,SW1990,287
TranscriptomePerspective,VMRCRCZ,276
TranscriptomePerspective,TCCSUP,275
TranscriptomePerspective,CAMA1,273
TranscriptomePerspective,SKMEL5,273
TranscriptomePerspective,NCIH1568,267
TranscriptomePerspective,SNU449,259
TranscriptomePerspective,SKMEL2,258
TranscriptomePerspective,IALM,256
TranscriptomePerspective,ASPC1,252
TranscriptomePerspective,OVCAR4,251
TranscriptomePerspective,DKMG,247
TranscriptomePerspective,RD,247
TranscriptomePerspective,KALS1,244
TranscriptomePerspective,COLO792,242
TranscriptomePerspective,MDAMB436,241
TranscriptomePerspective,MSTO211H,239
TranscriptomePerspective,NCIH650,235
TranscriptomePerspective,NCIH1435,234
TranscriptomePerspective,NCIH2126,234
TranscriptomePerspective,CALU6,233
TranscriptomePerspective,DAOY,228
TranscriptomePerspective,NCIH727,226
TranscriptomePerspective,TE9,226
TranscriptomePerspective,CCFSTTG1,222
TranscriptomePerspective,A204,221
TranscriptomePerspective,NCIH2444,217
TranscriptomePerspective,RVH421,217
TranscriptomePerspective,HS939T,215
TranscriptomePerspective,U118MG,213
TranscriptomePerspective,HUCCT1,212
TranscriptomePerspective,TE10,211
TranscriptomePerspective,HCC1419,210
TranscriptomePerspective,UACC257,210
TranscriptomePerspective,A2058,208
TranscriptomePerspective,BICR31,207
TranscriptomePerspective,RCC10RGB,206
TranscriptomePerspective,T47D,204
TranscriptomePerspective,GSE148673_TNBC3,200
TranscriptomePerspective,NCIH2087,200
TranscriptomePerspective,SF7307,200
TranscriptomePerspective,MKN7,197
TranscriptomePerspective,NCIH292,197
TranscriptomePerspective,BT549,192
TranscriptomePerspective,JHOS2,191
TranscriptomePerspective,NCIH226,191
TranscriptomePerspective,CAOV3,189
TranscriptomePerspective,Epidermis-Exp,189
TranscriptomePerspective,Epidermis-NonExp,189
TranscriptomePerspective,SKNAS,189
TranscriptomePerspective,HT55,187
TranscriptomePerspective,HCC366,186
TranscriptomePerspective,SNU423,186
TranscriptomePerspective,TE1,185
TranscriptomePerspective,EBC1,184
TranscriptomePerspective,OVTOKO,182
TranscriptomePerspective,MFE280,175
TranscriptomePerspective,NCIH522,175
TranscriptomePerspective,HCC38,172
TranscriptomePerspective,JHH7,172
TranscriptomePerspective,SKMEL3,172
TranscriptomePerspective,MFE319,165
TranscriptomePerspective,JHH6,164
GenomePerspective,SNU-16_C1D8,156
TranscriptomePerspective,NCIH446,151
TranscriptomePerspective,PC3,151
TranscriptomePerspective,IM95,150
GenomePerspective,SNU-16_A1D4,144
TranscriptomePerspective,KNS42,144
TranscriptomePerspective,HUPT3,136
TranscriptomePerspective,DETROIT562,132
TranscriptomePerspective,BCPAP,130
TranscriptomePerspective,BHY,129
TranscriptomePerspective,OAW28,128
TranscriptomePerspective,NCIH2170,127
TranscriptomePerspective,OVK18,126
TranscriptomePerspective,LNCAPCLONEFGC,123
TranscriptomePerspective,MCF7,123
TranscriptomePerspective,HCC1428,122
TranscriptomePerspective,EKVX,121
TranscriptomePerspective,LS1034,119
TranscriptomePerspective,NCIH2347,119
TranscriptomePerspective,DANG,118
TranscriptomePerspective,MDAMB361,118
TranscriptomePerspective,SKMES1,117
TranscriptomePerspective,CAS1,114
TranscriptomePerspective,BT474,113
TranscriptomePerspective,OSRC2,112
TranscriptomePerspective,SW1088,112
TranscriptomePerspective,CCK81,110
TranscriptomePerspective,HEP3B217,110
TranscriptomePerspective,RCM1,107
TranscriptomePerspective,SW1271,107
TranscriptomePerspective,TYKNU,106
TranscriptomePerspective,NCIH1792,103
TranscriptomePerspective,MKN45,101
TranscriptomePerspective,RT4,98
TranscriptomePerspective,Dermis-Exp,96
TranscriptomePerspective,HT1376,96
TranscriptomePerspective,OUMS23,96
TranscriptomePerspective,FTC133,95
TranscriptomePerspective,SJSA1,95
TranscriptomePerspective,SKES1,84
TranscriptomePerspective,St23132,82
TranscriptomePerspective,SBC5,77
TranscriptomePerspective,RERFLCKJ,73
TranscriptomePerspective,NCIH747,70
TranscriptomePerspective,SU8686,70
TranscriptomePerspective,TOV112D,67
TranscriptomePerspective,HT1197,66
TranscriptomePerspective,HUPT4,56
GenomePerspective,SNU-16_C1D4,55
TranscriptomePerspective,HDQP1,54
GenomePerspective,SNU-668_r2_A55_seedT1,22
GenomePerspective,HGC-27_C_A45_seed,21
GenomePerspective,HGC-27_G1_A9-F_seed,21
GenomePerspective,HGC-27_G1_A9_harvesT155,21
GenomePerspective,HGC-27_G2_A9-F_seed,21
GenomePerspective,HGC-27_G2_A9_harvesT155,21
GenomePerspective,HGC-27_P1_A18K_harvest,21
GenomePerspective,HGC-27_P2_A18K_harvest,21
GenomePerspective,HGC-27_Q1_A3_seed,21
GenomePerspective,HGC-27_Q2_A3_seed,21
GenomePerspective,HGC-27_RevG2_A8_seed,21
GenomePerspective,HGC-27_RevG_A9_harvesT149,21
GenomePerspective,MDA-MB-231_G1_A4_seed,21
GenomePerspective,MDA-MB-231_G2_A4_seed,21
GenomePerspective,MDA-MB-231_O1_A23-K_harvest,21
GenomePerspective,MDA-MB-231_O2_A23-K_harvest,21
GenomePerspective,MDA-MB-231_P_A2_harvest,21
GenomePerspective,MDA-MB-231_RPMI_A12_VT2_seed,21
GenomePerspective,SNU-668_C_A4_seed,21
GenomePerspective,SNU-668_G1_A10_seed,21
GenomePerspective,SNU-668_G2_A10_seed,21
GenomePerspective,SNU-668_K2_A34_seedT1,21
GenomePerspective,SNU-668_O1_A3_exp_seedT4,21
GenomePerspective,SNU-668_O2_A3_exp_seedT4,21
GenomePerspective,SNU-668_P0_A11K_seed,21
GenomePerspective,SNU-668_P1_A18K_seed,21
GenomePerspective,SNU-668_P2_A18k_seed,21
GenomePerspective,SNU-668_r1_A55_seedT1,21
GenomePerspective,SNU-668_r3_A55_seedT1,21
GenomePerspective,SNU-668_RevC_A27_seed,21
GenomePerspective,SNU-668_RevC_A3_seed,21
GenomePerspective,SNU-668_RevG_A10_seed,21
GenomePerspective,SNU-668_RevG_A3_seed,21
GenomePerspective,SUM-159_NLS_2N_MRCA_harvest,21
GenomePerspective,SUM-159_NLS_2N_O1_A19_seed,21
GenomePerspective,SUM-159_NLS_2N_O2_A19_seed,21
GenomePerspective,SUM-159_NLS_4N_O1_A17_seedT1,21
GenomePerspective,SUM-159_NLS_4N_O2_A17_seedT1,21
GenomePerspective,SUM159_NLS_2N_O1_A7K_harvest,20
GenomePerspective,SUM159_NLS_4N_O2_A7K_harvest,19
GenomePerspective,SUM-159_NLS_4N_A5M_K_harvest,17
GenomePerspective,SUM159_NLS_2N_O2_A7K_harvest,16
GenomePerspective,SNU-668_MRCA_harvest,15
GenomePerspective,HGC-27_MRCA_harvest,14
GenomePerspective,MDA-MB-231_MRCA_harvest,13
GenomePerspective,SNU-668_C_A24_seed,13
GenomePerspective,SUM-159_NLS_2N_A7M_K_harvest,13
GenomePerspective,SUM-159_NLS_4N_MRCA_harvest,13
GenomePerspective,SUM159_NLS_4N_O1_A7K_harvest,13
GenomePerspective,SNU-668_G2_A4_seed,11
GenomePerspective,HGC-27_RevC_A45_seed,10
GenomePerspective,SNU-668_G1_A4_seed,10
GenomePerspective,LGG174T4,7
GenomePerspective,LGG174T7,7
GenomePerspective,HGC-27_RevG2_A7-F_seed,6
GenomePerspective,LGG173T1,6
GenomePerspective,LGG173T3,6
GenomePerspective,LGG173T4,6
GenomePerspective,LGG174T5,6
GenomePerspective,LGG174T6,6
TranscriptomePerspective,SNU-16,6
GenomePerspective,HGC-27_RevG_A9-F_seed,5
GenomePerspective,LGG172T1,5
GenomePerspective,LGG172T3,5
GenomePerspective,LGG173T6,5
GenomePerspective,LGG174T2,5
GenomePerspective,LGG174T3,5
GenomePerspective,LGG174T8,5
GenomePerspective,LGG174T9,5
GenomePerspective,LGG175T4,5
GenomePerspective,LGG6T2,5
GenomePerspective,P06270_19493_mp,5
GenomePerspective,P06270_19494_mp,5
GenomePerspective,P06270_19495_mp,5
GenomePerspective,SNU-668_K1_A34_seedT1,5
GenomePerspective,SNU-668_K3_A34_seedT1,5
GenomePerspective,LGG172T2,4
GenomePerspective,LGG172T4,4
GenomePerspective,LGG172T5,4
GenomePerspective,LGG173T2,4
GenomePerspective,LGG173T5,4
GenomePerspective,LGG174T1,4
GenomePerspective,LGG175T2,4
GenomePerspective,LGG175T3,4
GenomePerspective,LGG175T5,4
GenomePerspective,LGG1T2,4
GenomePerspective,LGG270T2,4
GenomePerspective,LGG4T2,4
GenomePerspective,LGG5T1,4
GenomePerspective,LGG5T2,4
GenomePerspective,LGG5T3,4
GenomePerspective,LGG6T1,4
GenomePerspective,LGG7T2,4
GenomePerspective,P06270_19492_mp,4
GenomePerspective,TCGA-06-0171-01A-02D-A921,4
GenomePerspective,TCGA-06-0171-02A-11D-A921,4
GenomePerspective,LGG175T1,3
GenomePerspective,LGG1T1,3
GenomePerspective,LGG239T1,3
GenomePerspective,LGG239T2,3
GenomePerspective,LGG270T3,3
GenomePerspective,LGG2T4,3
GenomePerspective,LGG3T1,3
GenomePerspective,LGG4T1,3
GenomePerspective,LGG7T1,3
GenomePerspective,P06269_19488_mp,3
GenomePerspective,P06269_19489_mp,3
GenomePerspective,P06269_19490_nt,3
GenomePerspective,P06269_19491_mr,3
GenomePerspective,TCGA-06-0190-01A-01D-1491,3
GenomePerspective,TCGA-06-0190-02A-01D-2280,3
GenomePerspective,TCGA-06-0210-01A-01D-1491,3
GenomePerspective,TCGA-06-0210-02A-01D-2280,3
GenomePerspective,LGG175T6,2
GenomePerspective,LGG202T1,2
GenomePerspective,LGG202T2,2
GenomePerspective,LGG270T1,2
GenomePerspective,LGG2T1,2
GenomePerspective,LGG2T2,2
GenomePerspective,LGG2T3,2
GenomePerspective,LGG3T2,2
GenomePerspective,TCGA-06-0125-01A-01D-1490,2
GenomePerspective,TCGA-06-0125-02A-11D-2280,2
